id,url,header,address,area,rooms,bathrooms,garages,amenities,price,condo,crawler,crawled_at
2518566682,https://www.vivareal.com.br/imovel/apartamento-3-quartos-jardim-paulista-zona-sul-sao-paulo-com-garagem-126m2-aluguel-RS2900-id-2518566682/,"Apartamento com 3 Quartos para Aluguel, 126m²","Rua Peixoto Gomide, 601 - Jardim Paulista, São Paulo - SP",126,3 Quartos,2 Banheiros,1 Vaga,"Condomínio fechado
Aceita animais
Portaria 24h
Portão eletrônico",R$ 2.900 /mês,R$ 1.640,São Paulo,2021-05-25 16:57
2519455739,https://www.vivareal.com.br/imovel/apartamento-3-quartos-alto-de-pinheiros-zona-oeste-sao-paulo-com-garagem-120m2-aluguel-RS4000-id-2519455739/,"Apartamento com 3 Quartos para Aluguel, 120m²","Avenida Arruda Botelho, 570 - Alto de Pinheiros, São Paulo - SP",120,3 Quartos,2 Banheiros,3 Vagas,"Academia
Elevador
Portaria 24h
Lavanderia",R$ 4.000 /mês,R$ 1.502,São Paulo,2021-05-25 16:57
2518366098,https://www.vivareal.com.br/imovel/apartamento-4-quartos-perdizes-zona-oeste-sao-paulo-com-garagem-266m2-aluguel-RS25000-id-2518366098/,"Apartamento com 4 Quartos para Aluguel, 266m²","Rua dos Caetés, 100 - Perdizes, São Paulo - SP",266,4 Quartos,6 Banheiros,5 Vagas,"Mobiliado
Piscina
Varanda gourmet
Academia
Churrasqueira",R$ 25.000 /mês,R$ 2.000,São Paulo,2021-05-25 16:57
2520629099,https://www.vivareal.com.br/imovel/apartamento-2-quartos-vila-mariana-zona-sul-sao-paulo-com-garagem-84m2-aluguel-RS4700-id-2520629099/,"Apartamento com 2 Quartos para Aluguel, 84m²","Rua José Antônio Coelho, 473 - Vila Mariana, São Paulo - SP",84,2 Quartos,3 Banheiros,2 Vagas,"Piscina
Varanda gourmet
Academia
Churrasqueira
Ar-condicionado",R$ 4.700 /mês,R$ 1.100,São Paulo,2021-05-25 16:57
2518714218,https://www.vivareal.com.br/imovel/apartamento-3-quartos-vila-mariana-zona-sul-sao-paulo-com-garagem-110m2-aluguel-RS4400-id-2518714218/,"Apartamento com 3 Quartos para Aluguel, 110m²","Rua Bagé, 230 - Vila Mariana, São Paulo - SP",110,3 Quartos,2 Banheiros,1 Vaga,"Piscina
Academia
Elevador
Condomínio fechado
Aceita animais",R$ 4.400 /mês,R$ 1.100,São Paulo,2021-05-25 16:57
2518429780,https://www.vivareal.com.br/imovel/apartamento-1-quartos-jardins-zona-oeste-sao-paulo-com-garagem-46m2-aluguel-RS3200-id-2518429780/,"Apartamento com Quarto para Aluguel, 46m²","Rua Melo Alves, 268 - Jardins, São Paulo - SP",46,1 Quarto,1 Banheiro,1 Vaga,"Mobiliado
Piscina
Academia
Ar-condicionado
Elevador",R$ 3.200 /mês,R$ 780,São Paulo,2021-05-25 16:57
2519158088,https://www.vivareal.com.br/imovel/apartamento-2-quartos-vila-mariana-zona-sul-sao-paulo-com-garagem-87m2-aluguel-RS3500-id-2519158088/,"Apartamento com 2 Quartos para Aluguel, 87m²","Avenida Lins de Vasconcelos, 2805 - Vila Mariana, São Paulo - SP",87,2 Quartos,2 Banheiros,1 Vaga,"Churrasqueira
Elevador
Aceita animais
Salão de festas
Bicicletário",R$ 3.500 /mês,,São Paulo,2021-05-25 16:57
2512769454,https://www.vivareal.com.br/imovel/apartamento-2-quartos-centro-centro-sao-paulo-com-garagem-70m2-aluguel-RS2500-id-2512769454/,"Apartamento com 2 Quartos para Aluguel, 70m²","Rua Álvaro de Carvalho, 134 - Centro, São Paulo - SP",70,2 Quartos,2 Banheiros,1 Vaga,"Piscina
Varanda gourmet
Academia
Churrasqueira
Elevador",R$ 2.500 /mês,R$ 800,São Paulo,2021-05-25 16:57
2520651584,https://www.vivareal.com.br/imovel/apartamento-3-quartos-vila-olimpia-zona-sul-sao-paulo-com-garagem-103m2-aluguel-RS4780-id-2520651584/,"Apartamento com 3 Quartos para Aluguel, 103m²","Rua Doutor Fadlo Haidar, 165 - Vila Olímpia, São Paulo - SP",103,3 Quartos,3 Banheiros,1 Vaga,"Piscina
Elevador
Condomínio fechado
Aceita animais
Jardim",R$ 4.780 /mês,R$ 1.090,São Paulo,2021-05-25 16:57
2519909001,https://www.vivareal.com.br/imovel/apartamento-1-quartos-vila-nova-conceicao-zona-sul-sao-paulo-com-garagem-50m2-aluguel-RS3750-id-2519909001/,"Apartamento com Quarto para Aluguel, 50m²","Rua Diogo Jácome, 954 - Vila Nova Conceição, São Paulo - SP",50,1 Quarto,2 Banheiros,1 Vaga,"Mobiliado
Piscina
Academia
Churrasqueira
Ar-condicionado",R$ 3.750 /mês,R$ 826,São Paulo,2021-05-25 16:57
2520839976,https://www.vivareal.com.br/imovel/apartamento-2-quartos-vila-olimpia-zona-sul-sao-paulo-com-garagem-67m2-aluguel-RS3500-id-2520839976/,"Apartamento com 2 Quartos para Aluguel, 67m²","Rua Arminda, 79 - Vila Olímpia, São Paulo - SP",67,2 Quartos,2 Banheiros,1 Vaga,"Condomínio fechado
Aceita animais
Jardim
Salão de jogos
Portaria 24h",R$ 3.500 /mês,R$ 800,São Paulo,2021-05-25 16:57
2519640949,https://www.vivareal.com.br/imovel/apartamento-3-quartos-mooca-zona-leste-sao-paulo-com-garagem-90m2-aluguel-RS3200-id-2519640949/,"Apartamento com 3 Quartos para Aluguel, 90m²","Rua Marina Crespi, 232 - Móoca, São Paulo - SP",90,3 Quartos,2 Banheiros,1 Vaga,"Piscina
Academia
Elevador
Aceita animais
Jardim",R$ 3.200 /mês,,São Paulo,2021-05-25 16:57
2520637581,https://www.vivareal.com.br/imovel/apartamento-2-quartos-pinheiros-zona-oeste-sao-paulo-com-garagem-59m2-aluguel-RS6000-id-2520637581/,"Apartamento com 2 Quartos para Aluguel, 59m²","Rua João Moura, 429 - Pinheiros, São Paulo - SP",59,2 Quartos,2 Banheiros,1 Vaga,"Mobiliado
Piscina
Academia
Churrasqueira
Ar-condicionado",R$ 6.000 /mês,R$ 1.005,São Paulo,2021-05-25 16:57
2520146920,https://www.vivareal.com.br/imovel/apartamento-2-quartos-pinheiros-zona-oeste-sao-paulo-com-garagem-60m2-aluguel-RS4600-id-2520146920/,"Apartamento com 2 Quartos para Aluguel, 60m²","Rua Cunha Gago, 181 - Pinheiros, São Paulo - SP",60,2 Quartos,2 Banheiros,1 Vaga,"Piscina
Academia
Churrasqueira
Ar-condicionado
Elevador",R$ 4.600 /mês,R$ 832,São Paulo,2021-05-25 16:57
2513165602,https://www.vivareal.com.br/imovel/apartamento-3-quartos-campo-belo-zona-sul-sao-paulo-com-garagem-219m2-aluguel-RS21000-id-2513165602/,"Apartamento com 3 Quartos para Aluguel, 219m²","Rua Gabriele D'Annunzio, 530 - Campo Belo, São Paulo - SP",219,3 Quartos,5 Banheiros,3 Vagas,"Mobiliado
Piscina
Academia
Ar-condicionado
Elevador",R$ 21.000 /mês,,São Paulo,2021-05-25 16:57
2519625681,https://www.vivareal.com.br/imovel/apartamento-1-quartos-pinheiros-zona-oeste-sao-paulo-com-garagem-40m2-aluguel-RS4500-id-2519625681/,"Apartamento com Quarto para Aluguel, 40m²","Rua Padre Carvalho, 348 - Pinheiros, São Paulo - SP",40,1 Quarto,1 Banheiro,1 Vaga,"Mobiliado
Piscina
Academia
Ar-condicionado
Elevador",R$ 4.500 /mês,R$ 950,São Paulo,2021-05-25 16:57
2516104531,https://www.vivareal.com.br/imovel/apartamento-2-quartos-vila-olimpia-zona-sul-sao-paulo-com-garagem-60m2-aluguel-RS10000-id-2516104531/,"Apartamento com 2 Quartos para Aluguel, 60m²","Rua Helena, 52 - Vila Olímpia, São Paulo - SP",60,2 Quartos,2 Banheiros,1 Vaga,"Mobiliado
Churrasqueira
Ar-condicionado
Elevador
Condomínio fechado",R$ 10.000 /mês,R$ 769,São Paulo,2021-05-25 16:57
2515944423,https://www.vivareal.com.br/imovel/apartamento-1-quartos-campo-belo-zona-sul-sao-paulo-com-garagem-53m2-aluguel-RS4300-id-2515944423/,"Apartamento com Quarto para Aluguel, 53m²","Rua Gabriele D'Annunzio, 624 - Campo Belo, São Paulo - SP",53,1 Quarto,1 Banheiro,1 Vaga,"Mobiliado
Piscina
Varanda gourmet
Academia
Churrasqueira",R$ 4.300 /mês,R$ 455,São Paulo,2021-05-25 16:57
2518181579,https://www.vivareal.com.br/imovel/apartamento-2-quartos-vila-clementino-zona-sul-sao-paulo-83m2-aluguel-RS2300-id-2518181579/,"Apartamento com 2 Quartos para Aluguel, 83m²","Avenida Senador Casimiro da Rocha, 148 - Vila Clementino, São Paulo - SP",83,2 Quartos,1 Banheiro,-- Vaga,"Elevador
Aceita animais
Portaria 24h
Cozinha americana",R$ 2.300 /mês,R$ 860,São Paulo,2021-05-25 16:57
2501841394,https://www.vivareal.com.br/imovel/apartamento-1-quartos-bela-vista-centro-sao-paulo-32m2-aluguel-RS700-id-2501841394/,"Apartamento com Quarto para Aluguel, 32m²","Rua Humaitá, 619 - Bela Vista, São Paulo - SP",32,1 Quarto,1 Banheiro,-- Vaga,"Condomínio fechado
Aceita animais
Bicicletário
Portaria 24h",R$ 700 /mês,R$ 450,São Paulo,2021-05-25 16:57
2518654378,https://www.vivareal.com.br/imovel/apartamento-3-quartos-bela-vista-centro-sao-paulo-com-garagem-210m2-aluguel-RS8500-id-2518654378/,"Apartamento com 3 Quartos para Aluguel, 210m²","Rua Cincinato Braga, 535 - Bela Vista, São Paulo - SP",210,3 Quartos,3 Banheiros,2 Vagas,"Elevador
Portaria 24h",R$ 8.500 /mês,R$ 1.950,São Paulo,2021-05-25 16:57
2517526775,https://www.vivareal.com.br/imovel/apartamento-4-quartos-paraiso-zona-sul-sao-paulo-com-garagem-145m2-aluguel-RS5500-id-2517526775/,"Apartamento com 4 Quartos para Aluguel, 145m²","Rua Maria Figueiredo, 111 - Paraíso, São Paulo - SP",145,4 Quartos,4 Banheiros,1 Vaga,"Mobiliado
Ar-condicionado
Condomínio fechado
Aceita animais
Salão de festas",R$ 5.500 /mês,R$ 1.300,São Paulo,2021-05-25 16:57
2519881544,https://www.vivareal.com.br/imovel/apartamento-2-quartos-indianopolis-zona-sul-sao-paulo-com-garagem-75m2-aluguel-RS4250-id-2519881544/,"Apartamento com 2 Quartos para Aluguel, 75m²","Alameda dos Jurupis, 896 - Indianópolis, São Paulo - SP",75,2 Quartos,3 Banheiros,2 Vagas,"Piscina
Academia
Churrasqueira
Ar-condicionado
Elevador",R$ 4.250 /mês,R$ 900,São Paulo,2021-05-25 16:57
2518579308,https://www.vivareal.com.br/imovel/apartamento-3-quartos-itaim-bibi-zona-sul-sao-paulo-com-garagem-112m2-aluguel-RS3200-id-2518579308/,"Apartamento com 3 Quartos para Aluguel, 112m²","Rua Pedroso Alvarenga, 466 - Itaim Bibi, São Paulo - SP",112,3 Quartos,2 Banheiros,1 Vaga,"Piscina
Condomínio fechado
Aceita animais
Salão de festas
Portaria 24h",R$ 3.200 /mês,R$ 1.800,São Paulo,2021-05-25 16:57
2516938342,https://www.vivareal.com.br/imovel/apartamento-2-quartos-saude-zona-sul-sao-paulo-com-garagem-61m2-aluguel-RS2000-id-2516938342/,"Apartamento com 2 Quartos para Aluguel, 61m²","Rua Visconde de Inhaúma - Saúde, São Paulo - SP",61,2 Quartos,2 Banheiros,1 Vaga,"Mobiliado
Piscina
Academia
Churrasqueira
Elevador",R$ 2.000 /mês,R$ 860,São Paulo,2021-05-25 16:57
2514428582,https://www.vivareal.com.br/imovel/apartamento-4-quartos-vila-suzana-zona-oeste-sao-paulo-com-garagem-186m2-aluguel-RS7500-id-2514428582/,"Apartamento com 4 Quartos para Aluguel, 186m²","Rua Doutor Oscar Monteiro de Barros, 457 - Vila Suzana, São Paulo - SP",186,4 Quartos,4 Banheiros,3 Vagas,"Piscina
Varanda gourmet
Academia
Churrasqueira
Ar-condicionado",R$ 7.500 /mês,R$ 1.730,São Paulo,2021-05-25 16:57
2518224703,https://www.vivareal.com.br/imovel/apartamento-2-quartos-bela-vista-centro-sao-paulo-com-garagem-50m2-aluguel-RS2500-id-2518224703/,"Apartamento com 2 Quartos para Aluguel, 50m²","Rua Doutor Plínio Barreto, 173 - Bela Vista, São Paulo - SP",50,2 Quartos,1 Banheiro,1 Vaga,"Piscina
Academia
Churrasqueira
Elevador
Espaço gourmet",R$ 2.500 /mês,R$ 465,São Paulo,2021-05-25 16:57
2517911577,https://www.vivareal.com.br/imovel/apartamento-1-quartos-perdizes-zona-oeste-sao-paulo-48m2-aluguel-RS3200-id-2517911577/,"Apartamento com Quarto para Aluguel, 48m²","Rua Cardoso de Almeida - Perdizes, São Paulo - SP",48,1 Quarto,1 Banheiro,-- Vaga,"Mobiliado
Ar-condicionado
Elevador
Aceita animais
Cozinha americana",R$ 3.200 /mês,R$ 477,São Paulo,2021-05-25 16:57
2520281829,https://www.vivareal.com.br/imovel/apartamento-2-quartos-itaim-bibi-zona-sul-sao-paulo-com-garagem-73m2-aluguel-RS3250-id-2520281829/,"Apartamento com 2 Quartos para Aluguel, 73m²","Rua Doutor Guilherme Bannitz - Itaim Bibi, São Paulo - SP",73,2 Quartos,2 Banheiros,1 Vaga,,R$ 3.250 /mês,R$ 560,São Paulo,2021-05-25 16:57
2520758988,https://www.vivareal.com.br/imovel/apartamento-2-quartos-higienopolis-centro-sao-paulo-com-garagem-65m2-aluguel-RS2200-id-2520758988/,"Apartamento com 2 Quartos para Aluguel, 65m²","Rua Novo Horizonte, 46 - Higienópolis, São Paulo - SP",65,2 Quartos,1 Banheiro,1 Vaga,"Portaria 24h
Portão eletrônico",R$ 2.200 /mês,R$ 667,São Paulo,2021-05-25 16:57
2506971600,https://www.vivareal.com.br/imovel/apartamento-1-quartos-consolacao-centro-sao-paulo-27m2-aluguel-RS1100-id-2506971600/,"Apartamento com Quarto para Aluguel, 27m²","Rua da Consolação, 927 - Consolação, São Paulo - SP",27,1 Quarto,1 Banheiro,-- Vaga,"Aceita animais
Portaria 24h
Portão eletrônico",R$ 1.100 /mês,R$ 361,São Paulo,2021-05-25 16:57
2427785149,https://www.vivareal.com.br/imovel/apartamento-2-quartos-chacara-santa-maria-zona-sul-sao-paulo-com-garagem-45m2-aluguel-RS900-id-2427785149/,"Apartamento com 2 Quartos para Aluguel, 45m²","Rua das Perobeiras - Chácara Santa Maria, São Paulo - SP",45,2 Quartos,1 Banheiro,1 Vaga,"Varanda
Armário na cozinha
Cozinha americana
Cozinha grande
Sala grande",R$ 900 /mês,,São Paulo,2021-05-25 16:57
2512982978,https://www.vivareal.com.br/imovel/apartamento-3-quartos-brooklin-zona-sul-sao-paulo-com-garagem-115m2-aluguel-RS2900-id-2512982978/,"Apartamento com 3 Quartos para Aluguel, 115m²","Rua Pensilvânia, 240 - Brooklin, São Paulo - SP",115,3 Quartos,3 Banheiros,1 Vaga,"Academia
Elevador
Aceita animais
Jardim
Playground",R$ 2.900 /mês,R$ 946,São Paulo,2021-05-25 16:57
2512285206,https://www.vivareal.com.br/imovel/apartamento-2-quartos-moema-zona-sul-sao-paulo-com-garagem-140m2-aluguel-RS6600-id-2512285206/,"Apartamento com 2 Quartos para Aluguel, 140m²","Avenida Divino Salvador, 422 - Moema, São Paulo - SP",140,2 Quartos,3 Banheiros,2 Vagas,"Piscina
Academia
Churrasqueira
Elevador
Espaço gourmet",R$ 6.600 /mês,R$ 1.500,São Paulo,2021-05-25 16:57
2519449711,https://www.vivareal.com.br/imovel/apartamento-1-quartos-vila-gertrudes-zona-sul-sao-paulo-com-garagem-55m2-aluguel-RS2400-id-2519449711/,"Apartamento com Quarto para Aluguel, 55m²","Rua Doutor Paschoal Imperatriz, 105 - Vila Gertrudes, São Paulo - SP",55,1 Quarto,1 Banheiro,1 Vaga,"Piscina
Varanda gourmet
Academia
Churrasqueira
Ar-condicionado",R$ 2.400 /mês,R$ 870,São Paulo,2021-05-25 16:57
2497371410,https://www.vivareal.com.br/imovel/apartamento-1-quartos-vila-nova-conceicao-zona-sul-sao-paulo-com-garagem-50m2-aluguel-RS8100-id-2497371410/,"Apartamento com Quarto para Aluguel, 50m²","Rua Diogo Jácome, 554 - Vila Nova Conceição, São Paulo - SP",50,1 Quarto,1 Banheiro,1 Vaga,"Mobiliado
Piscina
Academia
Ar-condicionado
Elevador",R$ 8.100 /mês,R$ 1.197,São Paulo,2021-05-25 16:57
2516432721,https://www.vivareal.com.br/imovel/apartamento-2-quartos-vila-nova-conceicao-zona-sul-sao-paulo-com-garagem-55m2-aluguel-RS3500-id-2516432721/,"Apartamento com 2 Quartos para Aluguel, 55m²","Rua Comendador Miguel Calfat, 183 - Vila Nova Conceição, São Paulo - SP",55,2 Quartos,1 Banheiro,1 Vaga,"Mobiliado
Piscina
Academia
Churrasqueira
Aceita animais",R$ 3.500 /mês,R$ 850,São Paulo,2021-05-25 16:57
2487944084,https://www.vivareal.com.br/imovel/apartamento-3-quartos-aclimacao-centro-sao-paulo-com-garagem-80m2-aluguel-RS3100-id-2487944084/,"Apartamento com 3 Quartos para Aluguel, 80m²","Aclimação, São Paulo - SP",80,3 Quartos,2 Banheiros,2 Vagas,"Mobiliado
Piscina
Academia
Churrasqueira
Ar-condicionado",R$ 3.100 /mês,R$ 737,São Paulo,2021-05-25 16:57
2515102182,https://www.vivareal.com.br/imovel/apartamento-2-quartos-morumbi-zona-sul-sao-paulo-com-garagem-65m2-aluguel-RS4200-id-2515102182/,"Apartamento com 2 Quartos para Aluguel, 65m²","Rua Padre Lebret, 725 - Morumbi, São Paulo - SP",65,2 Quartos,2 Banheiros,2 Vagas,"Mobiliado
Piscina
Academia
Ar-condicionado
Elevador",R$ 4.200 /mês,R$ 1.005,São Paulo,2021-05-25 16:57
2514968475,https://www.vivareal.com.br/imovel/apartamento-2-quartos-vila-prudente-zona-leste-sao-paulo-com-garagem-80m2-aluguel-RS1900-id-2514968475/,"Apartamento com 2 Quartos para Aluguel, 80m²","Rua Fidélis Papini, 786 - Vila Prudente, São Paulo - SP",80,2 Quartos,2 Banheiros,1 Vaga,"Academia
Churrasqueira
Jardim
Salão de festas
Quadra poliesportiva",R$ 1.900 /mês,R$ 798,São Paulo,2021-05-25 16:57
2512100083,https://www.vivareal.com.br/imovel/apartamento-1-quartos-vila-madalena-zona-oeste-sao-paulo-60m2-aluguel-RS6000-id-2512100083/,"Apartamento com Quarto para Aluguel, 60m²","Rua Girassol, 998 - Vila Madalena, São Paulo - SP",60,1 Quarto,1 Banheiro,-- Vaga,"Mobiliado
Piscina
Varanda gourmet
Academia
Churrasqueira",R$ 6.000 /mês,,São Paulo,2021-05-25 16:57
2520756179,https://www.vivareal.com.br/imovel/apartamento-3-quartos-saude-zona-sul-sao-paulo-com-garagem-70m2-aluguel-RS2200-id-2520756179/,"Apartamento com 3 Quartos para Aluguel, 70m²","Rua Carneiro da Cunha, 1266 - Saúde, São Paulo - SP",70,3 Quartos,2 Banheiros,1 Vaga,"Mobiliado
Piscina
Academia
Churrasqueira
Elevador",R$ 2.200 /mês,R$ 901,São Paulo,2021-05-25 16:57
2520707076,https://www.vivareal.com.br/imovel/apartamento-4-quartos-moema-zona-sul-sao-paulo-com-garagem-306m2-aluguel-RS40000-id-2520707076/,"Apartamento com 4 Quartos para Aluguel, 306m²","Avenida Chibarás, 74 - Moema, São Paulo - SP",306,4 Quartos,6 Banheiros,5 Vagas,"Piscina
Varanda gourmet
Academia
Churrasqueira
Ar-condicionado",R$ 40.000 /mês,R$ 5.000,São Paulo,2021-05-25 16:57
2515812078,https://www.vivareal.com.br/imovel/apartamento-1-quartos-jardim-da-saude-zona-sul-sao-paulo-com-garagem-42m2-aluguel-RS2400-id-2515812078/,"Apartamento com Quarto para Aluguel, 42m²","Rua Caramuru, 1164 - Jardim da Saude, São Paulo - SP",42,1 Quarto,1 Banheiro,1 Vaga,"Piscina
Varanda gourmet
Academia
Churrasqueira
Elevador",R$ 2.400 /mês,R$ 600,São Paulo,2021-05-25 16:57
2513256381,https://www.vivareal.com.br/imovel/apartamento-3-quartos-vila-mariana-zona-sul-sao-paulo-com-garagem-100m2-aluguel-RS3600-id-2513256381/,"Apartamento com 3 Quartos para Aluguel, 100m²","Rua Pageú, 100 - Vila Mariana, São Paulo - SP",100,3 Quartos,4 Banheiros,3 Vagas,"Piscina
Elevador
Aceita animais
Jardim
Playground",R$ 3.600 /mês,R$ 1.406,São Paulo,2021-05-25 16:57
2520950679,https://www.vivareal.com.br/imovel/apartamento-3-quartos-vila-mariana-zona-sul-sao-paulo-com-garagem-85m2-aluguel-RS3500-id-2520950679/,"Apartamento com 3 Quartos para Aluguel, 85m²","Rua Potenji, 60 - Vila Mariana, São Paulo - SP",85,3 Quartos,2 Banheiros,2 Vagas,"Piscina
Academia
Aceita animais
Playground
Salão de festas",R$ 3.500 /mês,R$ 780,São Paulo,2021-05-25 16:57
2519829190,https://www.vivareal.com.br/imovel/apartamento-3-quartos-perdizes-zona-oeste-sao-paulo-com-garagem-198m2-aluguel-RS4500-id-2519829190/,"Apartamento com 3 Quartos para Aluguel, 198m²","Rua Lincoln Albuquerque, 242 - Perdizes, São Paulo - SP",198,3 Quartos,5 Banheiros,3 Vagas,"Piscina
Academia
Churrasqueira
Elevador
Condomínio fechado",R$ 4.500 /mês,R$ 2.285,São Paulo,2021-05-25 16:57
2506907025,https://www.vivareal.com.br/imovel/apartamento-1-quartos-vila-cruzeiro-zona-sul-sao-paulo-com-garagem-45m2-aluguel-RS2950-id-2506907025/,"Apartamento com Quarto para Aluguel, 45m²","Rua Luís Correia de Melo, 92 - Vila Cruzeiro, São Paulo - SP",45,1 Quarto,1 Banheiro,1 Vaga,"Mobiliado
Piscina
Varanda
Academia
Churrasqueira",R$ 2.950 /mês,R$ 450,São Paulo,2021-05-25 16:57
2503624821,https://www.vivareal.com.br/imovel/apartamento-1-quartos-higienopolis-centro-sao-paulo-45m2-aluguel-RS2200-id-2503624821/,"Apartamento com Quarto para Aluguel, 45m²","Rua Martinico Prado, 128 - Higienópolis, São Paulo - SP",45,1 Quarto,1 Banheiro,-- Vaga,"Jardim
Portaria 24h
Cozinha americana",R$ 2.200 /mês,R$ 400,São Paulo,2021-05-25 16:57
2514353987,https://www.vivareal.com.br/imovel/apartamento-2-quartos-brooklin-zona-sul-sao-paulo-com-garagem-70m2-aluguel-RS3239-id-2514353987/,"Apartamento com 2 Quartos para Aluguel, 70m²","Praça General Gentil Falcão, 117 - Brooklin, São Paulo - SP",70,2 Quartos,2 Banheiros,1 Vaga,"Mobiliado
Elevador
Condomínio fechado
Aceita animais
Jardim",R$ 3.239 /mês,R$ 671,São Paulo,2021-05-25 16:57
2509452183,https://www.vivareal.com.br/imovel/apartamento-1-quartos-liberdade-centro-sao-paulo-56m2-aluguel-RS1400-id-2509452183/,"Apartamento com Quarto para Aluguel, 56m²","Rua Jaceguai, 87 - Liberdade, São Paulo - SP",56,1 Quarto,1 Banheiro,-- Vaga,"Elevador
Aceita animais
Jardim
Bicicletário
Portão eletrônico",R$ 1.400 /mês,R$ 625,São Paulo,2021-05-25 16:57
2517380892,https://www.vivareal.com.br/imovel/apartamento-1-quartos-alto-da-boa-vista-zona-sul-sao-paulo-com-garagem-45m2-aluguel-RS2250-id-2517380892/,"Apartamento com Quarto para Aluguel, 45m²","Rua São José, 150 - Alto Da Boa Vista, São Paulo - SP",45,1 Quarto,1 Banheiro,1 Vaga,"Mobiliado
Piscina
Varanda gourmet
Academia
Churrasqueira",R$ 2.250 /mês,R$ 550,São Paulo,2021-05-25 16:57
2513325384,https://www.vivareal.com.br/imovel/apartamento-1-quartos-brooklin-zona-sul-sao-paulo-com-garagem-47m2-aluguel-RS3000-id-2513325384/,"Apartamento com Quarto para Aluguel, 47m²","Rua Castilho, 155 - Brooklin, São Paulo - SP",47,1 Quarto,1 Banheiro,1 Vaga,"Piscina
Varanda
Academia
Churrasqueira
Elevador",R$ 3.000 /mês,R$ 536,São Paulo,2021-05-25 16:57
2509002086,https://www.vivareal.com.br/imovel/apartamento-3-quartos-jardins-zona-oeste-sao-paulo-com-garagem-140m2-aluguel-RS6000-id-2509002086/,"Apartamento com 3 Quartos para Aluguel, 140m²","Rua Guarará, 77 - Jardins, São Paulo - SP",140,3 Quartos,3 Banheiros,2 Vagas,"Ar-condicionado
Elevador
Condomínio fechado
Jardim
Playground",R$ 6.000 /mês,R$ 1.600,São Paulo,2021-05-25 16:57
2518718084,https://www.vivareal.com.br/imovel/apartamento-2-quartos-consolacao-centro-sao-paulo-com-garagem-67m2-aluguel-RS4200-id-2518718084/,"Apartamento com 2 Quartos para Aluguel, 67m²","Rua Caio Prado - Consolação, São Paulo - SP",67,2 Quartos,2 Banheiros,1 Vaga,"Mobiliado
Piscina
Academia
Churrasqueira
Ar-condicionado",R$ 4.200 /mês,R$ 450,São Paulo,2021-05-25 16:57
2520757202,https://www.vivareal.com.br/imovel/apartamento-2-quartos-jabaquara-zona-sul-sao-paulo-37m2-aluguel-RS1295-id-2520757202/,"Apartamento com 2 Quartos para Aluguel, 37m²","Rua Pedro André, 8 - Jabaquara, São Paulo - SP",37,2 Quartos,1 Banheiro,-- Vaga,,R$ 1.295 /mês,,São Paulo,2021-05-25 16:57
2503509411,https://www.vivareal.com.br/imovel/apartamento-1-quartos-bela-vista-centro-sao-paulo-54m2-aluguel-RS1800-id-2503509411/,"Apartamento com Quarto para Aluguel, 54m²","Rua Doutor Plínio Barreto, 95 - Bela Vista, São Paulo - SP",54,1 Quarto,1 Banheiro,-- Vaga,"Elevador
Portão eletrônico",R$ 1.800 /mês,R$ 463,São Paulo,2021-05-25 16:57
2516270795,https://www.vivareal.com.br/imovel/apartamento-1-quartos-vila-cruzeiro-zona-sul-sao-paulo-com-garagem-40m2-aluguel-RS1900-id-2516270795/,"Apartamento com Quarto para Aluguel, 40m²","Rua Luís Correia de Melo, 86 - Vila Cruzeiro, São Paulo - SP",40,1 Quarto,1 Banheiro,1 Vaga,"Mobiliado
Piscina
Academia
Elevador
Condomínio fechado",R$ 1.900 /mês,R$ 580,São Paulo,2021-05-25 16:57
2515056692,https://www.vivareal.com.br/imovel/apartamento-2-quartos-pinheiros-zona-oeste-sao-paulo-com-garagem-60m2-aluguel-RS1280000-id-2515056692/,"Apartamento com 2 Quartos para Aluguel, 60m²","Rua Alves Guimarães, 1459 - Pinheiros, São Paulo - SP",60,2 Quartos,2 Banheiros,1 Vaga,"Piscina
Academia
Ar-condicionado
Elevador
Espaço gourmet",R$ 1.280.000 /mês,R$ 750,São Paulo,2021-05-25 16:57
2514512677,https://www.vivareal.com.br/imovel/apartamento-4-quartos-itaim-bibi-zona-sul-sao-paulo-com-garagem-210m2-aluguel-RS9300-id-2514512677/,"Apartamento com 4 Quartos para Aluguel, 210m²","Rua Tabapuã, 245 - Itaim Bibi, São Paulo - SP",210,4 Quartos,4 Banheiros,2 Vagas,"Piscina
Academia
Ar-condicionado
Elevador
Condomínio fechado",R$ 9.300 /mês,R$ 2.379,São Paulo,2021-05-25 16:57
2517842814,https://www.vivareal.com.br/imovel/apartamento-2-quartos-pinheiros-zona-oeste-sao-paulo-com-garagem-120m2-aluguel-RS3300-id-2517842814/,"Apartamento com 2 Quartos para Aluguel, 120m²","Rua Cardeal Arcoverde, 1858 - Pinheiros, São Paulo - SP",120,2 Quartos,2 Banheiros,1 Vaga,"Elevador
Aceita animais
Cozinha americana",R$ 3.300 /mês,R$ 878,São Paulo,2021-05-25 16:57
2516332012,https://www.vivareal.com.br/imovel/apartamento-3-quartos-paraiso-zona-sul-sao-paulo-com-garagem-75m2-aluguel-RS2490-id-2516332012/,"Apartamento com 3 Quartos para Aluguel, 75m²","Rua Manuel da Nóbrega, 604 - Paraíso, São Paulo - SP",75,3 Quartos,2 Banheiros,1 Vaga,"Elevador
Aceita animais
Jardim
Playground
Salão de festas",R$ 2.490 /mês,R$ 927,São Paulo,2021-05-25 16:57
2519462791,https://www.vivareal.com.br/imovel/apartamento-2-quartos-vila-buarque-centro-sao-paulo-com-garagem-65m2-aluguel-RS3700-id-2519462791/,"Apartamento com 2 Quartos para Aluguel, 65m²","Rua Marquês de Itu, 695 - Vila Buarque, São Paulo - SP",65,2 Quartos,2 Banheiros,1 Vaga,"Mobiliado
Condomínio fechado
Portaria 24h",R$ 3.700 /mês,R$ 1.600,São Paulo,2021-05-25 16:57
2516803512,https://www.vivareal.com.br/imovel/apartamento-2-quartos-consolacao-centro-sao-paulo-117m2-aluguel-RS1932-id-2516803512/,"Apartamento com 2 Quartos para Aluguel, 117m²","Rua Augusta, 1104 - Consolação, São Paulo - SP",117,2 Quartos,2 Banheiros,-- Vaga,"Ar-condicionado
Aceita animais
Portaria 24h",R$ 1.932 /mês,R$ 979,São Paulo,2021-05-25 16:57
2506599121,https://www.vivareal.com.br/imovel/apartamento-1-quartos-vila-buarque-centro-sao-paulo-com-garagem-37m2-aluguel-RS2300-id-2506599121/,"Apartamento com Quarto para Aluguel, 37m²","Rua Major Sertório, 321 - Vila Buarque, São Paulo - SP",37,1 Quarto,1 Banheiro,1 Vaga,"Piscina
Academia
Churrasqueira
Elevador
Condomínio fechado",R$ 2.300 /mês,R$ 380,São Paulo,2021-05-25 16:57
2520293277,https://www.vivareal.com.br/imovel/apartamento-4-quartos-consolacao-centro-sao-paulo-com-garagem-160m2-aluguel-RS5000-id-2520293277/,"Apartamento com 4 Quartos para Aluguel, 160m²","Rua Sergipe, 429 - Consolação, São Paulo - SP",160,4 Quartos,5 Banheiros,2 Vagas,"Mobiliado
Piscina
Ar-condicionado
Elevador
Condomínio fechado",R$ 5.000 /mês,R$ 3.050,São Paulo,2021-05-25 16:57
2491761679,https://www.vivareal.com.br/imovel/apartamento-2-quartos-bom-retiro-centro-sao-paulo-com-garagem-42m2-aluguel-RS1800-id-2491761679/,"Apartamento com 2 Quartos para Aluguel, 42m²","Rua Afonso Pena, 560 - Bom Retiro, São Paulo - SP",42,2 Quartos,1 Banheiro,1 Vaga,"Churrasqueira
Elevador
Aceita animais
Playground
Salão de festas",R$ 1.800 /mês,R$ 365,São Paulo,2021-05-25 16:57
2507295095,https://www.vivareal.com.br/imovel/apartamento-1-quartos-itaim-bibi-zona-sul-sao-paulo-com-garagem-54m2-aluguel-RS2100-id-2507295095/,"Apartamento com Quarto para Aluguel, 54m²","Rua Doutor Renato Paes de Barros, 550 - Itaim Bibi, São Paulo - SP",54,1 Quarto,1 Banheiro,1 Vaga,"Mobiliado
Ar-condicionado
Jardim
Portaria 24h",R$ 2.100 /mês,R$ 660,São Paulo,2021-05-25 16:57
2492694410,https://www.vivareal.com.br/imovel/apartamento-1-quartos-liberdade-centro-sao-paulo-46m2-aluguel-RS1500-id-2492694410/,"Apartamento com Quarto para Aluguel, 46m²","Rua Doutor Lund, 22 - Liberdade, São Paulo - SP",46,1 Quarto,1 Banheiro,-- Vaga,Portaria 24h,R$ 1.500 /mês,R$ 333,São Paulo,2021-05-25 16:57
2517952794,https://www.vivareal.com.br/imovel/apartamento-2-quartos-bela-vista-centro-sao-paulo-com-garagem-50m2-aluguel-RS3390-id-2517952794/,"Apartamento com 2 Quartos para Aluguel, 50m²","Rua Martiniano de Carvalho, 1049 - Bela Vista, São Paulo - SP",50,2 Quartos,1 Banheiro,1 Vaga,"Mobiliado
Piscina
Academia
Elevador
Condomínio fechado",R$ 3.390 /mês,R$ 790,São Paulo,2021-05-25 16:57
2512202374,https://www.vivareal.com.br/imovel/apartamento-2-quartos-campos-eliseos-centro-sao-paulo-109m2-aluguel-RS2100-id-2512202374/,"Apartamento com 2 Quartos para Aluguel, 109m²","Alameda Glete, 1047 - Campos Eliseos, São Paulo - SP",109,2 Quartos,2 Banheiros,-- Vaga,Aceita animais,R$ 2.100 /mês,R$ 490,São Paulo,2021-05-25 16:57
2511051979,https://www.vivareal.com.br/imovel/apartamento-3-quartos-jardim-analia-franco-zona-leste-sao-paulo-com-garagem-100m2-aluguel-RS6900-id-2511051979/,"Apartamento com 3 Quartos para Aluguel, 100m²","Rua Alonso Calhamares, 244 - Jardim Anália Franco, São Paulo - SP",100,3 Quartos,3 Banheiros,2 Vagas,"Mobiliado
Piscina
Varanda gourmet
Academia
Churrasqueira",R$ 6.900 /mês,R$ 1.040,São Paulo,2021-05-25 16:57
2511421477,https://www.vivareal.com.br/imovel/apartamento-3-quartos-agua-branca-zona-oeste-sao-paulo-65m2-aluguel-RS1600-id-2511421477/,"Apartamento com 3 Quartos para Aluguel, 65m²","Avenida Antártica, 568 - Água Branca, São Paulo - SP",65,3 Quartos,2 Banheiros,-- Vaga,"Elevador
Aceita animais
Salão de festas
Portaria 24h
Acesso para deficientes",R$ 1.600 /mês,R$ 619,São Paulo,2021-05-25 16:57
2517368574,https://www.vivareal.com.br/imovel/apartamento-1-quartos-vila-olimpia-zona-sul-sao-paulo-com-garagem-57m2-aluguel-RS3870-id-2517368574/,"Apartamento com Quarto para Aluguel, 57m²","Rua Quatá, 936 - Vila Olímpia, São Paulo - SP",57,1 Quarto,1 Banheiro,2 Vagas,"Mobiliado
Academia
Ar-condicionado
Elevador
Condomínio fechado",R$ 3.870 /mês,R$ 1.130,São Paulo,2021-05-25 16:57
2427467162,https://www.vivareal.com.br/imovel/apartamento-1-quartos-consolacao-centro-sao-paulo-25m2-aluguel-RS1950-id-2427467162/,"Apartamento com Quarto para Aluguel, 25m²","Rua Augusta - Consolação, São Paulo - SP",25,1 Quarto,1 Banheiro,-- Vaga,"Academia
Ar-condicionado
Espaço gourmet
Móvel planejado
Área de lazer",R$ 1.950 /mês,R$ 380,São Paulo,2021-05-25 16:57
2519908538,https://www.vivareal.com.br/imovel/apartamento-1-quartos-bela-vista-centro-sao-paulo-com-garagem-51m2-aluguel-RS2300-id-2519908538/,"Apartamento com Quarto para Aluguel, 51m²","Rua Itapeva, 220 - Bela Vista, São Paulo - SP",51,1 Quarto,1 Banheiro,1 Vaga,"Piscina
Academia
Churrasqueira
Elevador
Condomínio fechado",R$ 2.300 /mês,R$ 697,São Paulo,2021-05-25 16:57
2504634448,https://www.vivareal.com.br/imovel/apartamento-1-quartos-brooklin-zona-sul-sao-paulo-27m2-aluguel-RS1414-id-2504634448/,"Apartamento com Quarto para Aluguel, 27m²","Avenida Roque Petroni Júnior, 1000 - Brooklin, São Paulo - SP",27,1 Quarto,1 Banheiro,-- Vaga,"Mobiliado
Piscina
Academia
Ar-condicionado
Elevador",R$ 1.414 /mês,R$ 1.200,São Paulo,2021-05-25 16:57
2503945185,https://www.vivareal.com.br/imovel/apartamento-1-quartos-ipiranga-zona-sul-sao-paulo-20m2-aluguel-RS750-id-2503945185/,"Apartamento com Quarto para Aluguel, 20m²","Rua Tabor, 255 - Ipiranga, São Paulo - SP",20,1 Quarto,1 Banheiro,-- Vaga,,R$ 750 /mês,R$ 100,São Paulo,2021-05-25 16:57
2515032980,https://www.vivareal.com.br/imovel/apartamento-3-quartos-aclimacao-centro-sao-paulo-com-garagem-111m2-aluguel-RS7500-id-2515032980/,"Apartamento com 3 Quartos para Aluguel, 111m²","Rua Muniz de Sousa, 550 - Aclimação, São Paulo - SP",111,3 Quartos,2 Banheiros,2 Vagas,"Mobiliado
Piscina
Varanda gourmet
Academia
Churrasqueira",R$ 7.500 /mês,R$ 708,São Paulo,2021-05-25 16:57
2512992582,https://www.vivareal.com.br/imovel/apartamento-2-quartos-bela-vista-centro-sao-paulo-com-garagem-50m2-aluguel-RS3400-id-2512992582/,"Apartamento com 2 Quartos para Aluguel, 50m²","Rua Paim, 296 - Bela Vista, São Paulo - SP",50,2 Quartos,2 Banheiros,1 Vaga,"Mobiliado
Piscina
Academia
Churrasqueira
Elevador",R$ 3.400 /mês,R$ 520,São Paulo,2021-05-25 16:57
2519876396,https://www.vivareal.com.br/imovel/apartamento-1-quartos-jardim-paulista-zona-sul-sao-paulo-com-garagem-40m2-aluguel-RS1500-id-2519876396/,"Apartamento com Quarto para Aluguel, 40m²","Rua Ouro Branco - Jardim Paulista, São Paulo - SP",40,1 Quarto,1 Banheiro,1 Vaga,"Mobiliado
Piscina
Academia
Ar-condicionado
Elevador",R$ 1.500 /mês,R$ 1.252,São Paulo,2021-05-25 16:57
2519897787,https://www.vivareal.com.br/imovel/apartamento-2-quartos-jardim-paulista-zona-sul-sao-paulo-com-garagem-112m2-aluguel-RS4800-id-2519897787/,"Apartamento com 2 Quartos para Aluguel, 112m²","Alameda Jaú, 150 - Jardim Paulista, São Paulo - SP",112,2 Quartos,2 Banheiros,2 Vagas,"Piscina
Elevador
Playground
Salão de festas
Portaria 24h",R$ 4.800 /mês,R$ 1.320,São Paulo,2021-05-25 16:57
2513154796,https://www.vivareal.com.br/imovel/apartamento-1-quartos-sacoma-zona-sul-sao-paulo-com-garagem-39m2-aluguel-RS2500-id-2513154796/,"Apartamento com Quarto para Aluguel, 39m²","Rua Lino Coutinho, 1940 - Sacomã, São Paulo - SP",39,1 Quarto,1 Banheiro,1 Vaga,"Mobiliado
Piscina
Academia
Churrasqueira
Ar-condicionado",R$ 2.500 /mês,R$ 483,São Paulo,2021-05-25 16:57
2518432076,https://www.vivareal.com.br/imovel/apartamento-1-quartos-jardins-zona-oeste-sao-paulo-com-garagem-60m2-aluguel-RS4900-id-2518432076/,"Apartamento com Quarto para Aluguel, 60m²","Rua Melo Alves, 268 - Jardins, São Paulo - SP",60,1 Quarto,1 Banheiro,1 Vaga,"Mobiliado
Piscina
Academia
Ar-condicionado
Elevador",R$ 4.900 /mês,R$ 960,São Paulo,2021-05-25 16:57
2514973129,https://www.vivareal.com.br/imovel/apartamento-2-quartos-sumarezinho-zona-oeste-sao-paulo-com-garagem-57m2-aluguel-RS1600-id-2514973129/,"Apartamento com 2 Quartos para Aluguel, 57m²","Rua Borges de Barros, 282 - Sumarezinho, São Paulo - SP",57,2 Quartos,3 Banheiros,1 Vaga,"Elevador
Jardim
Portaria 24h
Closet
Cozinha americana",R$ 1.600 /mês,R$ 1.060,São Paulo,2021-05-25 16:57
2513946984,https://www.vivareal.com.br/imovel/apartamento-1-quartos-bela-vista-centro-sao-paulo-44m2-aluguel-RS1150-id-2513946984/,"Apartamento com Quarto para Aluguel, 44m²","Rua Maria Paula, 122 - Bela Vista, São Paulo - SP",44,1 Quarto,1 Banheiro,-- Vaga,"Ar-condicionado
Elevador
Portaria 24h",R$ 1.150 /mês,R$ 263,São Paulo,2021-05-25 16:57
2501374605,https://www.vivareal.com.br/imovel/apartamento-2-quartos-vila-nova-conceicao-zona-sul-sao-paulo-com-garagem-157m2-aluguel-RS19000-id-2501374605/,"Apartamento com 2 Quartos para Aluguel, 157m²","Rua Diogo Jácome - Vila Nova Conceição, São Paulo - SP",157,2 Quartos,3 Banheiros,3 Vagas,"Mobiliado
Piscina
Varanda gourmet
Academia
Churrasqueira",R$ 19.000 /mês,R$ 2.600,São Paulo,2021-05-25 16:57
2520393337,https://www.vivareal.com.br/imovel/apartamento-1-quartos-vila-nova-conceicao-zona-sul-sao-paulo-com-garagem-43m2-aluguel-RS4000-id-2520393337/,"Apartamento com Quarto para Aluguel, 43m²","Rua Doutor Eduardo de Souza Aranha, 67 - Vila Nova Conceição, São Paulo - SP",43,1 Quarto,1 Banheiro,1 Vaga,"Mobiliado
Piscina
Academia
Elevador
Condomínio fechado",R$ 4.000 /mês,R$ 1.200,São Paulo,2021-05-25 16:57
2516693509,https://www.vivareal.com.br/imovel/apartamento-4-quartos-paraiso-do-morumbi-zona-sul-sao-paulo-com-garagem-200m2-aluguel-RS6000-id-2516693509/,"Apartamento com 4 Quartos para Aluguel, 200m²","Rua Deputado Laércio Corte, 951 - Paraíso do Morumbi, São Paulo - SP",200,4 Quartos,6 Banheiros,3 Vagas,"Mobiliado
Piscina
Academia
Churrasqueira
Elevador",R$ 6.000 /mês,R$ 1.850,São Paulo,2021-05-25 16:57
2519516450,https://www.vivareal.com.br/imovel/apartamento-1-quartos-campo-belo-zona-sul-sao-paulo-com-garagem-50m2-aluguel-RS3300-id-2519516450/,"Apartamento com Quarto para Aluguel, 50m²","Rua Constantino de Sousa, 1144 - Campo Belo, São Paulo - SP",50,1 Quarto,1 Banheiro,1 Vaga,"Mobiliado
Piscina
Academia
Churrasqueira
Ar-condicionado",R$ 3.300 /mês,R$ 600,São Paulo,2021-05-25 16:57
2517077818,https://www.vivareal.com.br/imovel/apartamento-1-quartos-chacara-santo-antonio-zona-sul-sao-paulo-com-garagem-53m2-aluguel-RS3300-id-2517077818/,"Apartamento com Quarto para Aluguel, 53m²","Rua Antônio das Chagas, 162 - Chácara Santo Antônio, São Paulo - SP",53,1 Quarto,2 Banheiros,1 Vaga,"Piscina
Academia
Churrasqueira
Elevador
Condomínio fechado",R$ 3.300 /mês,R$ 420,São Paulo,2021-05-25 16:57
2520529333,https://www.vivareal.com.br/imovel/apartamento-1-quartos-itaim-bibi-zona-sul-sao-paulo-com-garagem-42m2-aluguel-RS3800-id-2520529333/,"Apartamento com Quarto para Aluguel, 42m²","Rua Doutor Guilherme Bannitz, 60 - Itaim Bibi, São Paulo - SP",42,1 Quarto,1 Banheiro,1 Vaga,"Mobiliado
Piscina
Academia
Churrasqueira
Ar-condicionado",R$ 3.800 /mês,R$ 620,São Paulo,2021-05-25 16:57
2518078398,https://www.vivareal.com.br/imovel/apartamento-1-quartos-paraiso-zona-sul-sao-paulo-60m2-aluguel-RS1800-id-2518078398/,"Apartamento com Quarto para Aluguel, 60m²","Rua Coronel Oscar Porto - Paraíso, São Paulo - SP",60,1 Quarto,1 Banheiro,-- Vaga,"Elevador
Portaria 24h
Closet",R$ 1.800 /mês,R$ 890,São Paulo,2021-05-25 16:57
2520942688,https://www.vivareal.com.br/imovel/apartamento-1-quartos-santa-cecilia-centro-sao-paulo-com-garagem-41m2-aluguel-RS2950-id-2520942688/,"Apartamento com Quarto para Aluguel, 41m²","Alameda Barros, 122 - Santa Cecília, São Paulo - SP",41,1 Quarto,1 Banheiro,1 Vaga,"Mobiliado
Piscina
Academia
Churrasqueira
Ar-condicionado",R$ 2.950 /mês,R$ 410,São Paulo,2021-05-25 16:57
2516817788,https://www.vivareal.com.br/imovel/apartamento-1-quartos-vila-mariana-zona-sul-sao-paulo-com-garagem-40m2-aluguel-RS2950-id-2516817788/,"Apartamento com Quarto para Aluguel, 40m²","Rua Azevedo Macedo, 58 - Vila Mariana, São Paulo - SP",40,1 Quarto,1 Banheiro,1 Vaga,"Mobiliado
Piscina
Varanda gourmet
Academia
Elevador",R$ 2.950 /mês,R$ 739,São Paulo,2021-05-25 16:57
2519140974,https://www.vivareal.com.br/imovel/apartamento-1-quartos-itaim-bibi-zona-sul-sao-paulo-com-garagem-45m2-aluguel-RS4200-id-2519140974/,"Apartamento com Quarto para Aluguel, 45m²","Rua Pedroso Alvarenga, 505 - Itaim Bibi, São Paulo - SP",45,1 Quarto,1 Banheiro,1 Vaga,"Mobiliado
Elevador
Aceita animais
Jardim
Salão de festas",R$ 4.200 /mês,R$ 785,São Paulo,2021-05-25 16:57
2512183321,https://www.vivareal.com.br/imovel/apartamento-1-quartos-vila-ester-zona-norte-zona-norte-sao-paulo-30m2-aluguel-RS980-id-2512183321/,"Apartamento com Quarto para Aluguel, 30m²","Rua Ana Ribeiro, 218 - Vila Ester Zona Norte, São Paulo - SP",30,1 Quarto,1 Banheiro,-- Vaga,Cozinha americana,R$ 980 /mês,,São Paulo,2021-05-25 16:57
2519767283,https://www.vivareal.com.br/imovel/apartamento-2-quartos-pinheiros-zona-oeste-sao-paulo-49m2-aluguel-RS2300-id-2519767283/,"Apartamento com 2 Quartos para Aluguel, 49m²","Rua Cardeal Arcoverde, 1183 - Pinheiros, São Paulo - SP",49,2 Quartos,1 Banheiro,-- Vaga,"Piscina
Academia
Churrasqueira
Aceita animais
Salão de festas",R$ 2.300 /mês,R$ 680,São Paulo,2021-05-25 16:57
2512779319,https://www.vivareal.com.br/imovel/apartamento-3-quartos-itaim-bibi-zona-sul-sao-paulo-com-garagem-350m2-aluguel-RS23000-id-2512779319/,"Apartamento com 3 Quartos para Aluguel, 350m²","Rua Tabapuã, 1554 - Itaim Bibi, São Paulo - SP",350,3 Quartos,5 Banheiros,3 Vagas,,R$ 23.000 /mês,R$ 7.000,São Paulo,2021-05-25 16:57
2520272903,https://www.vivareal.com.br/imovel/apartamento-2-quartos-vila-nova-conceicao-zona-sul-sao-paulo-com-garagem-135m2-aluguel-RS11500-id-2520272903/,"Apartamento com 2 Quartos para Aluguel, 135m²","Rua Balthazar da Veiga, 500 - Vila Nova Conceição, São Paulo - SP",135,2 Quartos,1 Banheiro,2 Vagas,"Mobiliado
Ar-condicionado
Portaria 24h
Closet",R$ 11.500 /mês,R$ 1.984,São Paulo,2021-05-25 16:57
2500595616,https://www.vivareal.com.br/imovel/apartamento-2-quartos-brooklin-zona-sul-sao-paulo-com-garagem-70m2-aluguel-RS2560-id-2500595616/,"Apartamento com 2 Quartos para Aluguel, 70m²","Praça General Gentil Falcão, 175 - Brooklin, São Paulo - SP",70,2 Quartos,2 Banheiros,1 Vaga,"Elevador
Condomínio fechado
Aceita animais
Jardim
Playground",R$ 2.560 /mês,R$ 720,São Paulo,2021-05-25 16:57
2520517675,https://www.vivareal.com.br/imovel/apartamento-3-quartos-tatuape-zona-leste-sao-paulo-com-garagem-106m2-aluguel-RS3000-id-2520517675/,"Apartamento com 3 Quartos para Aluguel, 106m²","Rua Padre Antônio de Sá, 264 - Tatuapé, São Paulo - SP",106,3 Quartos,3 Banheiros,2 Vagas,"Mobiliado
Piscina
Academia
Elevador
Aceita animais",R$ 3.000 /mês,R$ 1.032,São Paulo,2021-05-25 16:57
2504746076,https://www.vivareal.com.br/imovel/apartamento-1-quartos-jabaquara-zona-sul-sao-paulo-20m2-aluguel-RS1200-id-2504746076/,"Apartamento com Quarto para Aluguel, 20m²","Jabaquara, São Paulo - SP",20,1 Quarto,1 Banheiro,-- Vaga,"Mobiliado
Condomínio fechado
Aceita animais",R$ 1.200 /mês,R$ 170,São Paulo,2021-05-25 16:57
2508534829,https://www.vivareal.com.br/imovel/apartamento-4-quartos-planalto-paulista-zona-sul-sao-paulo-175m2-aluguel-RS2900-id-2508534829/,"Apartamento com 4 Quartos para Aluguel, 175m²","Alameda dos Guaramomis, 362 - Planalto Paulista, São Paulo - SP",175,4 Quartos,6 Banheiros,-- Vaga,"Piscina
Academia
Churrasqueira
Elevador
Aceita animais",R$ 2.900 /mês,R$ 3.200,São Paulo,2021-05-25 16:57
2516669577,https://www.vivareal.com.br/imovel/apartamento-3-quartos-higienopolis-centro-sao-paulo-com-garagem-168m2-aluguel-RS7250-id-2516669577/,"Apartamento com 3 Quartos para Aluguel, 168m²","Rua Doutor Albuquerque Lins, 915 - Higienópolis, São Paulo - SP",168,3 Quartos,3 Banheiros,2 Vagas,"Mobiliado
Piscina
Elevador
Condomínio fechado
Aceita animais",R$ 7.250 /mês,R$ 1.400,São Paulo,2021-05-25 16:57
2517980191,https://www.vivareal.com.br/imovel/apartamento-2-quartos-sumarezinho-zona-oeste-sao-paulo-62m2-aluguel-RS2000-id-2517980191/,"Apartamento com 2 Quartos para Aluguel, 62m²","Rua Heitor Penteado, 2111 - Sumarezinho, São Paulo - SP",62,2 Quartos,1 Banheiro,-- Vaga,"Elevador
Condomínio fechado
Portaria 24h
Portão eletrônico",R$ 2.000 /mês,R$ 564,São Paulo,2021-05-25 16:57
2517292721,https://www.vivareal.com.br/imovel/apartamento-2-quartos-jardim-paulista-zona-sul-sao-paulo-com-garagem-78m2-aluguel-RS3500-id-2517292721/,"Apartamento com 2 Quartos para Aluguel, 78m²","Rua Batataes, 308 - Jardim Paulista, São Paulo - SP",78,2 Quartos,2 Banheiros,2 Vagas,"Mobiliado
Piscina
Academia
Ar-condicionado
Elevador",R$ 3.500 /mês,R$ 2.163,São Paulo,2021-05-25 16:57
2518653581,https://www.vivareal.com.br/imovel/apartamento-2-quartos-vila-primavera-zona-leste-sao-paulo-com-garagem-52m2-aluguel-RS2200-id-2518653581/,"Apartamento com 2 Quartos para Aluguel, 52m²","Rua Brito Peixoto - Vila Primavera, São Paulo - SP",52,2 Quartos,1 Banheiro,1 Vaga,"Mobiliado
Piscina
Academia
Churrasqueira
Aceita animais",R$ 2.200 /mês,R$ 500,São Paulo,2021-05-25 16:57
2512663008,https://www.vivareal.com.br/imovel/apartamento-1-quartos-vila-madalena-zona-oeste-sao-paulo-com-garagem-30m2-aluguel-RS3500-id-2512663008/,"Apartamento com Quarto para Aluguel, 30m²","Rua Fradique Coutinho, 980 - Vila Madalena, São Paulo - SP",30,1 Quarto,1 Banheiro,1 Vaga,"Mobiliado
Piscina
Academia
Ar-condicionado
Elevador",R$ 3.500 /mês,,São Paulo,2021-05-25 16:57
2501485102,https://www.vivareal.com.br/imovel/apartamento-1-quartos-vila-olimpia-zona-sul-sao-paulo-com-garagem-56m2-aluguel-RS2250-id-2501485102/,"Apartamento com Quarto para Aluguel, 56m²","Rua Júlio Diniz, 145 - Vila Olímpia, São Paulo - SP",56,1 Quarto,2 Banheiros,1 Vaga,"Piscina
Academia
Churrasqueira
Elevador
Condomínio fechado",R$ 2.250 /mês,R$ 753,São Paulo,2021-05-25 16:57
2520953577,https://www.vivareal.com.br/imovel/apartamento-2-quartos-consolacao-centro-sao-paulo-com-garagem-50m2-aluguel-RS2080-id-2520953577/,"Apartamento com 2 Quartos para Aluguel, 50m²","Rua da Consolação, 1131 - Consolação, São Paulo - SP",50,2 Quartos,1 Banheiro,1 Vaga,"Elevador
Bicicletário
Portaria 24h",R$ 2.080 /mês,R$ 650,São Paulo,2021-05-25 16:57
2509731407,https://www.vivareal.com.br/imovel/apartamento-1-quartos-republica-centro-sao-paulo-20m2-aluguel-RS1180-id-2509731407/,"Apartamento com Quarto para Aluguel, 20m²","Rua Rego Freitas, 354 - República, São Paulo - SP",20,1 Quarto,1 Banheiro,-- Vaga,"Academia
Churrasqueira
Ar-condicionado
Elevador
Aceita animais",R$ 1.180 /mês,R$ 380,São Paulo,2021-05-25 16:57
2515744478,https://www.vivareal.com.br/imovel/apartamento-1-quartos-vila-olimpia-zona-sul-sao-paulo-com-garagem-35m2-aluguel-RS3600-id-2515744478/,"Apartamento com Quarto para Aluguel, 35m²","Rua Gomes de Carvalho, 1146 - Vila Olímpia, São Paulo - SP",35,1 Quarto,1 Banheiro,1 Vaga,"Mobiliado
Piscina
Academia
Ar-condicionado
Elevador",R$ 3.600 /mês,R$ 600,São Paulo,2021-05-25 16:57
2517992613,https://www.vivareal.com.br/imovel/apartamento-1-quartos-bela-vista-centro-sao-paulo-com-garagem-38m2-aluguel-RS1500-id-2517992613/,"Apartamento com Quarto para Aluguel, 38m²","Rua Herculano de Freitas, 131 - Bela Vista, São Paulo - SP",38,1 Quarto,1 Banheiro,1 Vaga,"Mobiliado
Elevador
Portaria 24h
Cozinha americana",R$ 1.500 /mês,R$ 680,São Paulo,2021-05-25 16:57
2511364475,https://www.vivareal.com.br/imovel/apartamento-1-quartos-vila-nova-conceicao-zona-sul-sao-paulo-com-garagem-39m2-aluguel-RS1899-id-2511364475/,"Apartamento com Quarto para Aluguel, 39m²","Rua Balthazar da Veiga, 592 - Vila Nova Conceição, São Paulo - SP",39,1 Quarto,1 Banheiro,1 Vaga,"Mobiliado
Piscina
Academia
Churrasqueira
Elevador",R$ 1.899 /mês,R$ 989,São Paulo,2021-05-25 16:57
2519041802,https://www.vivareal.com.br/imovel/apartamento-2-quartos-vila-madalena-zona-oeste-sao-paulo-com-garagem-78m2-aluguel-RS2500-id-2519041802/,"Apartamento com 2 Quartos para Aluguel, 78m²","Rua João Moura, 2311 - Vila Madalena, São Paulo - SP",78,2 Quartos,2 Banheiros,1 Vaga,"Elevador
Portaria 24h",R$ 2.500 /mês,R$ 761,São Paulo,2021-05-25 16:57
2489045190,https://www.vivareal.com.br/imovel/apartamento-2-quartos-indianopolis-zona-sul-sao-paulo-com-garagem-60m2-aluguel-RS2190-id-2489045190/,"Apartamento com 2 Quartos para Aluguel, 60m²","Alameda Jauaperi, 943 - Indianópolis, São Paulo - SP",60,2 Quartos,2 Banheiros,1 Vaga,"Elevador
Condomínio fechado
Playground
Salão de festas
Bicicletário",R$ 2.190 /mês,R$ 510,São Paulo,2021-05-25 16:57
2509600401,https://www.vivareal.com.br/imovel/apartamento-3-quartos-vila-mariana-zona-sul-sao-paulo-com-garagem-95m2-aluguel-RS2600-id-2509600401/,"Apartamento com 3 Quartos para Aluguel, 95m²","Vila Mariana, São Paulo - SP",95,3 Quartos,2 Banheiros,1 Vaga,"Elevador
Condomínio fechado
Aceita animais
Portão eletrônico",R$ 2.600 /mês,R$ 642,São Paulo,2021-05-25 16:57
2519762966,https://www.vivareal.com.br/imovel/apartamento-1-quartos-aclimacao-centro-sao-paulo-com-garagem-40m2-aluguel-RS2150-id-2519762966/,"Apartamento com Quarto para Aluguel, 40m²","Rua Safira, 43 - Aclimação, São Paulo - SP",40,1 Quarto,1 Banheiro,1 Vaga,"Academia
Ar-condicionado
Elevador
Condomínio fechado
Jardim",R$ 2.150 /mês,R$ 610,São Paulo,2021-05-25 16:57
2503511828,https://www.vivareal.com.br/imovel/apartamento-3-quartos-bela-vista-centro-sao-paulo-com-garagem-100m2-aluguel-RS3500-id-2503511828/,"Apartamento com 3 Quartos para Aluguel, 100m²","Alameda Ribeirão Preto, 118 - Bela Vista, São Paulo - SP",100,3 Quartos,3 Banheiros,1 Vaga,"Elevador
Jardim
Salão de festas
Bicicletário
Portão eletrônico",R$ 3.500 /mês,R$ 1.223,São Paulo,2021-05-25 16:57
2482639426,https://www.vivareal.com.br/imovel/apartamento-2-quartos-vila-nova-conceicao-zona-sul-sao-paulo-com-garagem-134m2-aluguel-RS16000-id-2482639426/,"Apartamento com 2 Quartos para Aluguel, 134m²","Rua Diogo Jácome, 518 - Vila Nova Conceição, São Paulo - SP",134,2 Quartos,4 Banheiros,2 Vagas,"Mobiliado
Piscina
Academia
Ar-condicionado
Elevador",R$ 16.000 /mês,R$ 2.400,São Paulo,2021-05-25 16:57
2519811025,https://www.vivareal.com.br/imovel/apartamento-2-quartos-jaguare-zona-oeste-sao-paulo-com-garagem-63m2-aluguel-RS2100-id-2519811025/,"Apartamento com 2 Quartos para Aluguel, 63m²","Avenida Marechal Mário Guedes, 40 - Jaguaré, São Paulo - SP",63,2 Quartos,2 Banheiros,1 Vaga,"Piscina
Varanda gourmet
Academia
Churrasqueira
Elevador",R$ 2.100 /mês,R$ 760,São Paulo,2021-05-25 16:57
2519542692,https://www.vivareal.com.br/imovel/apartamento-1-quartos-cerqueira-cesar-centro-sao-paulo-26m2-aluguel-RS3000-id-2519542692/,"Apartamento com Quarto para Aluguel, 26m²","Rua Cristiano Viana, 950 - Cerqueira César, São Paulo - SP",26,1 Quarto,1 Banheiro,-- Vaga,"Mobiliado
Piscina
Academia
Churrasqueira
Ar-condicionado",R$ 3.000 /mês,R$ 240,São Paulo,2021-05-25 16:57
2520254177,https://www.vivareal.com.br/imovel/apartamento-2-quartos-itaim-bibi-zona-sul-sao-paulo-com-garagem-85m2-aluguel-RS2200-id-2520254177/,"Apartamento com 2 Quartos para Aluguel, 85m²","Rua Tabapuã, 703 - Itaim Bibi, São Paulo - SP",85,2 Quartos,1 Banheiro,1 Vaga,"Elevador
Portaria 24h
Portão eletrônico",R$ 2.200 /mês,R$ 1.025,São Paulo,2021-05-25 16:57
2512010408,https://www.vivareal.com.br/imovel/apartamento-1-quartos-barra-funda-zona-oeste-sao-paulo-com-garagem-46m2-aluguel-RS2100-id-2512010408/,"Apartamento com Quarto para Aluguel, 46m²","Rua Brigadeiro Galvão, 127 - Barra Funda, São Paulo - SP",46,1 Quarto,1 Banheiro,1 Vaga,"Mobiliado
Piscina
Academia
Churrasqueira
Condomínio fechado",R$ 2.100 /mês,R$ 740,São Paulo,2021-05-25 16:57
2520456027,https://www.vivareal.com.br/imovel/apartamento-2-quartos-vila-clementino-zona-sul-sao-paulo-com-garagem-107m2-aluguel-RS5100-id-2520456027/,"Apartamento com 2 Quartos para Aluguel, 107m²","Avenida Doutor Altino Arantes, 741 - Vila Clementino, São Paulo - SP",107,2 Quartos,4 Banheiros,2 Vagas,"Mobiliado
Piscina
Academia
Ar-condicionado
Elevador",R$ 5.100 /mês,R$ 1.317,São Paulo,2021-05-25 16:57
2519457293,https://www.vivareal.com.br/imovel/apartamento-3-quartos-jardim-avelino-zona-leste-sao-paulo-com-garagem-130m2-aluguel-RS3750-id-2519457293/,"Apartamento com 3 Quartos para Aluguel, 130m²","Rua José Gonçalves Galeão, 287 - Jardim Avelino, São Paulo - SP",130,3 Quartos,4 Banheiros,2 Vagas,"Piscina
Varanda gourmet
Academia
Churrasqueira
Ar-condicionado",R$ 3.750 /mês,R$ 978,São Paulo,2021-05-25 16:57
2509350877,https://www.vivareal.com.br/imovel/apartamento-2-quartos-chacara-santo-antonio-zona-sul-sao-paulo-80m2-aluguel-RS1700-id-2509350877/,"Apartamento com 2 Quartos para Aluguel, 80m²","Rua Pedroso de Camargo, 256 - Chácara Santo Antônio, São Paulo - SP",80,2 Quartos,1 Banheiro,-- Vaga,Aceita animais,R$ 1.700 /mês,R$ 200,São Paulo,2021-05-25 16:57
2518107190,https://www.vivareal.com.br/imovel/apartamento-2-quartos-aclimacao-centro-sao-paulo-com-garagem-65m2-aluguel-RS2900-id-2518107190/,"Apartamento com 2 Quartos para Aluguel, 65m²","Avenida da Aclimação, 415 - Aclimação, São Paulo - SP",65,2 Quartos,2 Banheiros,1 Vaga,"Mobiliado
Piscina
Elevador
Aceita animais
Jardim",R$ 2.900 /mês,R$ 1.050,São Paulo,2021-05-25 16:57
2514151731,https://www.vivareal.com.br/imovel/apartamento-3-quartos-parque-sao-jorge-zona-leste-sao-paulo-com-garagem-91m2-aluguel-RS2200-id-2514151731/,"Apartamento com 3 Quartos para Aluguel, 91m²","Estrada Velha da Penha - Parque São Jorge, São Paulo - SP",91,3 Quartos,2 Banheiros,2 Vagas,"Piscina
Academia
Churrasqueira
Elevador
Condomínio fechado",R$ 2.200 /mês,R$ 749,São Paulo,2021-05-25 16:57
2520684402,https://www.vivareal.com.br/imovel/apartamento-1-quartos-liberdade-centro-sao-paulo-20m2-aluguel-RS2450-id-2520684402/,"Apartamento com Quarto para Aluguel, 20m²","Rua Maestro Cardim, 1218 - Liberdade, São Paulo - SP",20,1 Quarto,1 Banheiro,-- Vaga,"Mobiliado
Churrasqueira
Ar-condicionado
Elevador
Espaço gourmet",R$ 2.450 /mês,,São Paulo,2021-05-25 16:57
2518189494,https://www.vivareal.com.br/imovel/apartamento-2-quartos-cerqueira-cesar-centro-sao-paulo-140m2-aluguel-RS6000-id-2518189494/,"Apartamento com 2 Quartos para Aluguel, 140m²","Rua Haddock Lobo, 547 - Cerqueira César, São Paulo - SP",140,2 Quartos,3 Banheiros,-- Vaga,"Academia
Churrasqueira
Elevador
Condomínio fechado
Aceita animais",R$ 6.000 /mês,R$ 950,São Paulo,2021-05-25 16:57
2427494993,https://www.vivareal.com.br/imovel/apartamento-2-quartos-chacara-santa-maria-zona-sul-sao-paulo-com-garagem-45m2-aluguel-RS700-id-2427494993/,"Apartamento com 2 Quartos para Aluguel, 45m²","Rua das Perobeiras - Chácara Santa Maria, São Paulo - SP",45,2 Quartos,1 Banheiro,1 Vaga,"Cozinha americana
Cozinha grande
Sala grande
Escada
Janela de alumínio",R$ 700 /mês,,São Paulo,2021-05-25 16:57
2508304638,https://www.vivareal.com.br/imovel/apartamento-2-quartos-vila-buarque-centro-sao-paulo-com-garagem-50m2-aluguel-RS2000-id-2508304638/,"Apartamento com 2 Quartos para Aluguel, 50m²","Rua Marquês de Itu, 181 - Vila Buarque, São Paulo - SP",50,2 Quartos,1 Banheiro,1 Vaga,"Piscina
Elevador
Aceita animais
Salão de festas
Portaria 24h",R$ 2.000 /mês,R$ 1.050,São Paulo,2021-05-25 16:57
2508207283,https://www.vivareal.com.br/imovel/apartamento-2-quartos-santa-cecilia-centro-sao-paulo-90m2-aluguel-RS3500-id-2508207283/,"Apartamento com 2 Quartos para Aluguel, 90m²","Rua São Vicente de Paulo, 401 - Santa Cecília, São Paulo - SP",90,2 Quartos,2 Banheiros,-- Vaga,"Elevador
Condomínio fechado
Aceita animais
Playground
Quadra poliesportiva",R$ 3.500 /mês,R$ 920,São Paulo,2021-05-25 16:57
2489112175,https://www.vivareal.com.br/imovel/apartamento-1-quartos-sumare-zona-oeste-sao-paulo-com-garagem-50m2-aluguel-RS1800-id-2489112175/,"Apartamento com Quarto para Aluguel, 50m²","Rua André Casado, 215 - Sumaré, São Paulo - SP",50,1 Quarto,1 Banheiro,1 Vaga,"Piscina
Academia
Elevador
Condomínio fechado
Aceita animais",R$ 1.800 /mês,R$ 670,São Paulo,2021-05-25 16:57
2520942991,https://www.vivareal.com.br/imovel/apartamento-1-quartos-moema-zona-sul-sao-paulo-com-garagem-46m2-aluguel-RS3000-id-2520942991/,"Apartamento com Quarto para Aluguel, 46m²","Rua Canário, 981 - Moema, São Paulo - SP",46,1 Quarto,1 Banheiro,1 Vaga,"Mobiliado
Academia
Elevador
Espaço gourmet
Aceita animais",R$ 3.000 /mês,,São Paulo,2021-05-25 16:57
2519475687,https://www.vivareal.com.br/imovel/apartamento-1-quartos-bras-zona-leste-sao-paulo-com-garagem-46m2-aluguel-RS1750-id-2519475687/,"Apartamento com Quarto para Aluguel, 46m²","Rua Paraná, 137 - Brás, São Paulo - SP",46,1 Quarto,1 Banheiro,1 Vaga,"Piscina
Varanda gourmet
Academia
Churrasqueira
Elevador",R$ 1.750 /mês,R$ 431,São Paulo,2021-05-25 16:57
2517541201,https://www.vivareal.com.br/imovel/apartamento-1-quartos-pinheiros-zona-oeste-sao-paulo-com-garagem-54m2-aluguel-RS2800-id-2517541201/,"Apartamento com Quarto para Aluguel, 54m²","Rua Capote Valente, 929 - Pinheiros, São Paulo - SP",54,1 Quarto,1 Banheiro,1 Vaga,"Mobiliado
Condomínio fechado
Aceita animais
Portaria 24h",R$ 2.800 /mês,R$ 640,São Paulo,2021-05-25 16:57
2504683746,https://www.vivareal.com.br/imovel/apartamento-1-quartos-republica-centro-sao-paulo-com-garagem-46m2-aluguel-RS2700-id-2504683746/,"Apartamento com Quarto para Aluguel, 46m²","Praça Júlio Mesquita, 97 - República, São Paulo - SP",46,1 Quarto,1 Banheiro,1 Vaga,"Piscina
Varanda
Academia
Churrasqueira
Ar-condicionado",R$ 2.700 /mês,R$ 390,São Paulo,2021-05-25 16:57
2514793656,https://www.vivareal.com.br/imovel/apartamento-1-quartos-santa-cecilia-centro-sao-paulo-com-garagem-42m2-aluguel-RS1400-id-2514793656/,"Apartamento com Quarto para Aluguel, 42m²","Rua São Vicente de Paulo, 124 - Santa Cecília, São Paulo - SP",42,1 Quarto,1 Banheiro,1 Vaga,"Piscina
Academia
Ar-condicionado
Elevador
Portaria 24h",R$ 1.400 /mês,R$ 906,São Paulo,2021-05-25 16:57
2520391803,https://www.vivareal.com.br/imovel/apartamento-1-quartos-cambuci-zona-sul-sao-paulo-33m2-aluguel-RS1250-id-2520391803/,"Apartamento com Quarto para Aluguel, 33m²","Avenida do Estado, 5748 - Cambuci, São Paulo - SP",33,1 Quarto,1 Banheiro,-- Vaga,"Academia
Churrasqueira
Elevador
Condomínio fechado
Aceita animais",R$ 1.250 /mês,R$ 290,São Paulo,2021-05-25 16:57
2513751078,https://www.vivareal.com.br/imovel/apartamento-2-quartos-brooklin-zona-sul-sao-paulo-com-garagem-76m2-aluguel-RS3000-id-2513751078/,"Apartamento com 2 Quartos para Aluguel, 76m²","Rua Guararapes, 300 - Brooklin, São Paulo - SP",76,2 Quartos,2 Banheiros,1 Vaga,"Elevador
Condomínio fechado
Aceita animais
Jardim
Salão de festas",R$ 3.000 /mês,R$ 882,São Paulo,2021-05-25 16:57
2486175588,https://www.vivareal.com.br/imovel/apartamento-1-quartos-paraiso-zona-sul-sao-paulo-com-garagem-50m2-aluguel-RS1345-id-2486175588/,"Apartamento com Quarto para Aluguel, 50m²","Rua do Paraíso - Paraíso, São Paulo - SP",50,1 Quarto,1 Banheiro,1 Vaga,"Mobiliado
Elevador
Aceita animais
Jardim
Bicicletário",R$ 1.345 /mês,R$ 390,São Paulo,2021-05-25 16:57
2516684884,https://www.vivareal.com.br/imovel/apartamento-1-quartos-campo-belo-zona-sul-sao-paulo-com-garagem-47m2-aluguel-RS2800-id-2516684884/,"Apartamento com Quarto para Aluguel, 47m²","Rua Vapabussu, 66 - Campo Belo, São Paulo - SP",47,1 Quarto,2 Banheiros,1 Vaga,"Piscina
Academia
Churrasqueira
Ar-condicionado
Elevador",R$ 2.800 /mês,R$ 512,São Paulo,2021-05-25 16:58
2519037360,https://www.vivareal.com.br/imovel/apartamento-1-quartos-centro-centro-sao-paulo-25m2-aluguel-RS1700-id-2519037360/,"Apartamento com Quarto para Aluguel, 25m²","Rua Washington Luís, 98 - Centro, São Paulo - SP",25,1 Quarto,1 Banheiro,-- Vaga,"Mobiliado
Piscina
Academia
Churrasqueira
Elevador",R$ 1.700 /mês,R$ 273,São Paulo,2021-05-25 16:58
2520125304,https://www.vivareal.com.br/imovel/apartamento-1-quartos-santa-cecilia-centro-sao-paulo-50m2-aluguel-RS1600-id-2520125304/,"Apartamento com Quarto para Aluguel, 50m²","Rua Conselheiro Brotero, 867 - Santa Cecília, São Paulo - SP",50,1 Quarto,1 Banheiro,-- Vaga,"Elevador
Aceita animais
Jardim
Portaria 24h
Cozinha americana",R$ 1.600 /mês,R$ 740,São Paulo,2021-05-25 16:58
2515878279,https://www.vivareal.com.br/imovel/apartamento-2-quartos-vila-olimpia-zona-sul-sao-paulo-com-garagem-98m2-aluguel-RS8000-id-2515878279/,"Apartamento com 2 Quartos para Aluguel, 98m²","Rua Professor Vahia de Abreu, 41 - Vila Olímpia, São Paulo - SP",98,2 Quartos,3 Banheiros,2 Vagas,"Piscina
Varanda gourmet
Academia
Churrasqueira
Ar-condicionado",R$ 8.000 /mês,R$ 1.000,São Paulo,2021-05-25 16:58
2520530585,https://www.vivareal.com.br/imovel/apartamento-2-quartos-saude-zona-sul-sao-paulo-com-garagem-62m2-aluguel-RS2100-id-2520530585/,"Apartamento com 2 Quartos para Aluguel, 62m²","Rua do Boqueirão, 185 - Saúde, São Paulo - SP",62,2 Quartos,2 Banheiros,1 Vaga,"Mobiliado
Piscina
Academia
Churrasqueira
Condomínio fechado",R$ 2.100 /mês,R$ 550,São Paulo,2021-05-25 16:58
2518583346,https://www.vivareal.com.br/imovel/apartamento-1-quartos-vila-cruzeiro-zona-sul-sao-paulo-com-garagem-41m2-aluguel-RS2200-id-2518583346/,"Apartamento com Quarto para Aluguel, 41m²","Rua Luís Correia de Melo, 250 - Vila Cruzeiro, São Paulo - SP",41,1 Quarto,1 Banheiro,1 Vaga,"Mobiliado
Piscina
Academia
Churrasqueira
Elevador",R$ 2.200 /mês,R$ 370,São Paulo,2021-05-25 16:58
2491011306,https://www.vivareal.com.br/imovel/apartamento-1-quartos-bela-vista-centro-sao-paulo-com-garagem-45m2-aluguel-RS1700-id-2491011306/,"Apartamento com Quarto para Aluguel, 45m²","Rua Herculano de Freitas, 237 - Bela Vista, São Paulo - SP",45,1 Quarto,1 Banheiro,1 Vaga,"Piscina
Varanda
Academia
Elevador
Área de serviço",R$ 1.700 /mês,R$ 720,São Paulo,2021-05-25 16:58
2513153178,https://www.vivareal.com.br/imovel/apartamento-1-quartos-higienopolis-centro-sao-paulo-45m2-aluguel-RS2200-id-2513153178/,"Apartamento com Quarto para Aluguel, 45m²","Rua Martinico Prado, 128 - Higienópolis, São Paulo - SP",45,1 Quarto,1 Banheiro,-- Vaga,"Elevador
Portaria 24h
Cozinha americana",R$ 2.200 /mês,R$ 400,São Paulo,2021-05-25 16:58
2517074981,https://www.vivareal.com.br/imovel/apartamento-2-quartos-vila-mariana-zona-sul-sao-paulo-com-garagem-70m2-aluguel-RS2200-id-2517074981/,"Apartamento com 2 Quartos para Aluguel, 70m²","Rua Rio Grande, 392 - Vila Mariana, São Paulo - SP",70,2 Quartos,2 Banheiros,1 Vaga,"Elevador
Aceita animais
Portaria 24h
Chuveiro a gás
Cozinha americana",R$ 2.200 /mês,R$ 1.150,São Paulo,2021-05-25 16:58
2520888479,https://www.vivareal.com.br/imovel/apartamento-2-quartos-vila-clementino-zona-sul-sao-paulo-com-garagem-65m2-aluguel-RS2990-id-2520888479/,"Apartamento com 2 Quartos para Aluguel, 65m²","Rua Doutor Diogo de Faria, 1226 - Vila Clementino, São Paulo - SP",65,2 Quartos,2 Banheiros,2 Vagas,"Piscina
Elevador
Condomínio fechado
Jardim
Playground",R$ 2.990 /mês,R$ 1.066,São Paulo,2021-05-25 16:58
2520639118,https://www.vivareal.com.br/imovel/apartamento-1-quartos-bela-vista-centro-sao-paulo-38m2-aluguel-RS1508-id-2520639118/,"Apartamento com Quarto para Aluguel, 38m²","Rua Doutor Plínio Barreto, 95 - Bela Vista, São Paulo - SP",38,1 Quarto,1 Banheiro,-- Vaga,"Elevador
Condomínio fechado
Aceita animais
Portão eletrônico",R$ 1.508 /mês,R$ 439,São Paulo,2021-05-25 16:58
2515267908,https://www.vivareal.com.br/imovel/apartamento-4-quartos-cerqueira-cesar-centro-sao-paulo-com-garagem-139m2-aluguel-RS7500-id-2515267908/,"Apartamento com 4 Quartos para Aluguel, 139m²","Rua Sarandi - Cerqueira César, São Paulo - SP",139,4 Quartos,4 Banheiros,2 Vagas,"Elevador
Condomínio fechado
Aceita animais
Jardim
Salão de festas",R$ 7.500 /mês,R$ 1.200,São Paulo,2021-05-25 16:58
2516230479,https://www.vivareal.com.br/imovel/apartamento-2-quartos-tremembe-zona-norte-sao-paulo-54m2-aluguel-RS900-id-2516230479/,"Apartamento com 2 Quartos para Aluguel, 54m²","Rua Josefina Arnoni, 154 - Tremembé, São Paulo - SP",54,2 Quartos,1 Banheiro,-- Vaga,"Churrasqueira
Elevador
Condomínio fechado
Aceita animais
Jardim",R$ 900 /mês,R$ 550,São Paulo,2021-05-25 16:58
2512084278,https://www.vivareal.com.br/imovel/apartamento-1-quartos-jardim-paulista-zona-sul-sao-paulo-com-garagem-43m2-aluguel-RS1780-id-2512084278/,"Apartamento com Quarto para Aluguel, 43m²","Alameda Jaú, 409 - Jardim Paulista, São Paulo - SP",43,1 Quarto,1 Banheiro,1 Vaga,"Mobiliado
Academia
Churrasqueira
Ar-condicionado
Elevador",R$ 1.780 /mês,R$ 833,São Paulo,2021-05-25 16:58
2520757702,https://www.vivareal.com.br/imovel/apartamento-2-quartos-itaim-bibi-zona-sul-sao-paulo-com-garagem-90m2-aluguel-RS8500-id-2520757702/,"Apartamento com 2 Quartos para Aluguel, 90m²","Rua Iguatemi, 64 - Itaim Bibi, São Paulo - SP",90,2 Quartos,3 Banheiros,1 Vaga,"Mobiliado
Ar-condicionado
Elevador
Aceita animais
Bicicletário",R$ 8.500 /mês,R$ 1.035,São Paulo,2021-05-25 16:58
2514721426,https://www.vivareal.com.br/imovel/apartamento-1-quartos-jardins-zona-oeste-sao-paulo-com-garagem-48m2-aluguel-RS4000-id-2514721426/,"Apartamento com Quarto para Aluguel, 48m²","Rua Guarará, 463 - Jardins, São Paulo - SP",48,1 Quarto,1 Banheiro,1 Vaga,"Piscina
Academia
Churrasqueira
Elevador
Condomínio fechado",R$ 4.000 /mês,,São Paulo,2021-05-25 16:58
2511792638,https://www.vivareal.com.br/imovel/apartamento-3-quartos-jardim-guedala-zona-sul-sao-paulo-com-garagem-100m2-aluguel-RS3200-id-2511792638/,"Apartamento com 3 Quartos para Aluguel, 100m²","Rua Dom Armando Lombardi, 701 - Jardim Guedala, São Paulo - SP",100,3 Quartos,4 Banheiros,2 Vagas,"Piscina
Academia
Elevador
Condomínio fechado
Jardim",R$ 3.200 /mês,R$ 1.800,São Paulo,2021-05-25 16:58
2520202680,https://www.vivareal.com.br/imovel/apartamento-1-quartos-jardim-paulista-zona-sul-sao-paulo-com-garagem-45m2-aluguel-RS2500-id-2520202680/,"Apartamento com Quarto para Aluguel, 45m²","Alameda Jaú, 409 - Jardim Paulista, São Paulo - SP",45,1 Quarto,1 Banheiro,1 Vaga,"Mobiliado
Academia
Churrasqueira
Ar-condicionado
Elevador",R$ 2.500 /mês,R$ 883,São Paulo,2021-05-25 16:58
2515962080,https://www.vivareal.com.br/imovel/apartamento-3-quartos-brooklin-zona-sul-sao-paulo-com-garagem-120m2-aluguel-RS4500-id-2515962080/,"Apartamento com 3 Quartos para Aluguel, 120m²","Rua Indiana, 510 - Brooklin, São Paulo - SP",120,3 Quartos,3 Banheiros,2 Vagas,,R$ 4.500 /mês,,São Paulo,2021-05-25 16:58
2508612501,https://www.vivareal.com.br/imovel/apartamento-1-quartos-jardim-paulista-zona-sul-sao-paulo-com-garagem-58m2-aluguel-RS3380-id-2508612501/,"Apartamento com Quarto para Aluguel, 58m²","Rua Pamplona, 935 - Jardim Paulista, São Paulo - SP",58,1 Quarto,1 Banheiro,1 Vaga,"Mobiliado
Piscina
Academia
Churrasqueira
Ar-condicionado",R$ 3.380 /mês,R$ 1.600,São Paulo,2021-05-25 16:58
2520511620,https://www.vivareal.com.br/imovel/apartamento-1-quartos-pinheiros-zona-oeste-sao-paulo-com-garagem-35m2-aluguel-RS4300-id-2520511620/,"Apartamento com Quarto para Aluguel, 35m²","Rua Eugênio de Medeiros, 288 - Pinheiros, São Paulo - SP",35,1 Quarto,1 Banheiro,1 Vaga,"Mobiliado
Piscina
Academia
Churrasqueira
Ar-condicionado",R$ 4.300 /mês,,São Paulo,2021-05-25 16:58
2518591697,https://www.vivareal.com.br/imovel/apartamento-2-quartos-perdizes-zona-oeste-sao-paulo-com-garagem-98m2-aluguel-RS2600-id-2518591697/,"Apartamento com 2 Quartos para Aluguel, 98m²","Rua Cardoso de Almeida, 170 - Perdizes, São Paulo - SP",98,2 Quartos,2 Banheiros,1 Vaga,"Aceita animais
Portaria 24h",R$ 2.600 /mês,R$ 1.000,São Paulo,2021-05-25 16:58
2514794985,https://www.vivareal.com.br/imovel/apartamento-3-quartos-itaim-bibi-zona-sul-sao-paulo-com-garagem-170m2-aluguel-RS8500-id-2514794985/,"Apartamento com 3 Quartos para Aluguel, 170m²","Avenida Nove de Julho, 5881 - Itaim Bibi, São Paulo - SP",170,3 Quartos,4 Banheiros,2 Vagas,"Mobiliado
Elevador
Portaria 24h
Acesso para deficientes",R$ 8.500 /mês,R$ 2.800,São Paulo,2021-05-25 16:58
2503898776,https://www.vivareal.com.br/imovel/apartamento-1-quartos-santo-amaro-zona-sul-sao-paulo-com-garagem-33m2-aluguel-RS3100-id-2503898776/,"Apartamento com Quarto para Aluguel, 33m²","Rua Henri Dunant, 443 - Santo Amaro, São Paulo - SP",33,1 Quarto,1 Banheiro,1 Vaga,"Mobiliado
Piscina
Academia
Churrasqueira
Ar-condicionado",R$ 3.100 /mês,R$ 550,São Paulo,2021-05-25 16:58
2514016519,https://www.vivareal.com.br/imovel/apartamento-2-quartos-paraiso-zona-sul-sao-paulo-com-garagem-77m2-aluguel-RS2100-id-2514016519/,"Apartamento com 2 Quartos para Aluguel, 77m²","Rua Otávio Nébias, 20 - Paraíso, São Paulo - SP",77,2 Quartos,3 Banheiros,1 Vaga,"Aceita animais
Salão de festas
Bicicletário
Portaria 24h",R$ 2.100 /mês,R$ 1.104,São Paulo,2021-05-25 16:58
2516600589,https://www.vivareal.com.br/imovel/apartamento-2-quartos-cidade-moncoes-zona-sul-sao-paulo-com-garagem-71m2-aluguel-RS3200-id-2516600589/,"Apartamento com 2 Quartos para Aluguel, 71m²","Avenida Padre Antônio José dos Santos, 313 - Cidade Monções, São Paulo - SP",71,2 Quartos,1 Banheiro,1 Vaga,"Piscina
Academia
Elevador
Playground
Salão de festas",R$ 3.200 /mês,R$ 750,São Paulo,2021-05-25 16:58
2513327132,https://www.vivareal.com.br/imovel/apartamento-3-quartos-higienopolis-centro-sao-paulo-com-garagem-127m2-aluguel-RS3000-id-2513327132/,"Apartamento com 3 Quartos para Aluguel, 127m²","Rua Itambé, 367 - Higienópolis, São Paulo - SP",127,3 Quartos,2 Banheiros,1 Vaga,"Academia
Churrasqueira
Condomínio fechado
Aceita animais
Jardim",R$ 3.000 /mês,R$ 900,São Paulo,2021-05-25 16:58
2518595390,https://www.vivareal.com.br/imovel/apartamento-3-quartos-vila-mariana-zona-sul-sao-paulo-90m2-aluguel-RS3000-id-2518595390/,"Apartamento com 3 Quartos para Aluguel, 90m²","Rua Guimarães Passos - Vila Mariana, São Paulo - SP",90,3 Quartos,1 Banheiro,-- Vaga,"Mobiliado
Aceita animais",R$ 3.000 /mês,R$ 370,São Paulo,2021-05-25 16:58
2511738296,https://www.vivareal.com.br/imovel/apartamento-1-quartos-campo-belo-zona-sul-sao-paulo-com-garagem-47m2-aluguel-RS2100-id-2511738296/,"Apartamento com Quarto para Aluguel, 47m²","Rua Constantino de Sousa, 914 - Campo Belo, São Paulo - SP",47,1 Quarto,1 Banheiro,1 Vaga,"Piscina
Academia
Ar-condicionado
Elevador
Condomínio fechado",R$ 2.100 /mês,R$ 837,São Paulo,2021-05-25 16:58
2518566324,https://www.vivareal.com.br/imovel/apartamento-3-quartos-liberdade-centro-sao-paulo-com-garagem-79m2-aluguel-RS2800-id-2518566324/,"Apartamento com 3 Quartos para Aluguel, 79m²","Rua Galvão Bueno, 499 - Liberdade, São Paulo - SP",79,3 Quartos,2 Banheiros,2 Vagas,"Piscina
Academia
Churrasqueira
Condomínio fechado
Jardim",R$ 2.800 /mês,R$ 570,São Paulo,2021-05-25 16:58
2519475441,https://www.vivareal.com.br/imovel/apartamento-2-quartos-vila-mariana-zona-sul-sao-paulo-70m2-aluguel-RS2500-id-2519475441/,"Apartamento com 2 Quartos para Aluguel, 70m²","Rua Domingos de Morais, 770 - Vila Mariana, São Paulo - SP",70,2 Quartos,2 Banheiros,-- Vaga,"Elevador
Portaria 24h",R$ 2.500 /mês,R$ 650,São Paulo,2021-05-25 16:58
2517601282,https://www.vivareal.com.br/imovel/apartamento-1-quartos-cidade-moncoes-zona-sul-sao-paulo-42m2-aluguel-RS3600-id-2517601282/,"Apartamento com Quarto para Aluguel, 42m²","Rua Arizona, 250 - Cidade Monções, São Paulo - SP",42,1 Quarto,1 Banheiro,-- Vaga,"Mobiliado
Piscina
Academia
Elevador
Condomínio fechado",R$ 3.600 /mês,R$ 446,São Paulo,2021-05-25 16:58
2519773680,https://www.vivareal.com.br/imovel/apartamento-2-quartos-indianopolis-zona-sul-sao-paulo-com-garagem-80m2-aluguel-RS3000-id-2519773680/,"Apartamento com 2 Quartos para Aluguel, 80m²","Avenida Sabiá, 621 - Indianópolis, São Paulo - SP",80,2 Quartos,2 Banheiros,1 Vaga,Aceita animais,R$ 3.000 /mês,R$ 1.100,São Paulo,2021-05-25 16:58
2514629912,https://www.vivareal.com.br/imovel/apartamento-1-quartos-vila-madalena-zona-oeste-sao-paulo-25m2-aluguel-RS1400-id-2514629912/,"Apartamento com Quarto para Aluguel, 25m²","Rua Filipe de Alcaçova, 66 - Vila Madalena, São Paulo - SP",25,1 Quarto,1 Banheiro,-- Vaga,"Mobiliado
Ar-condicionado
Elevador
Condomínio fechado
Aceita animais",R$ 1.400 /mês,R$ 900,São Paulo,2021-05-25 16:58
2520957436,https://www.vivareal.com.br/imovel/apartamento-2-quartos-vila-leopoldina-zona-oeste-sao-paulo-com-garagem-96m2-aluguel-RS4990-id-2520957436/,"Apartamento com 2 Quartos para Aluguel, 96m²","Rua Carlos Weber, 87 - Vila Leopoldina, São Paulo - SP",96,2 Quartos,2 Banheiros,2 Vagas,"Piscina
Varanda gourmet
Academia
Churrasqueira
Ar-condicionado",R$ 4.990 /mês,R$ 1.100,São Paulo,2021-05-25 16:58
2506174601,https://www.vivareal.com.br/imovel/apartamento-1-quartos-ipiranga-zona-sul-sao-paulo-22m2-aluguel-RS1200-id-2506174601/,"Apartamento com Quarto para Aluguel, 22m²","Rua Costa Aguiar, 2280 - Ipiranga, São Paulo - SP",22,1 Quarto,1 Banheiro,-- Vaga,"Mobiliado
Lavanderia
Portão eletrônico",R$ 1.200 /mês,,São Paulo,2021-05-25 16:58
